Workbook

Sheet RawData
A1: Date | B1: Agent | C1: Process | D1: Allocated | E1: Processed | F1: AHT (mins)
A2: 2025-08-11 | B2: Agent 1 | C2: Process A | D2: 100 | E2: 90 | F2: 4.5
A3: 2025-08-11 | B3: Agent 1 | C3: Process B | D3: 80 | E3: 65 | F3: 5.2
A4: 2025-08-11 | B4: Agent 2 | C4: Process A | D4: 120 | E4: 110 | F4: 4.2
A5: 2025-08-11 | B5: Agent 2 | C5: Process C | D5: 75 | E5: 60 | F5: 6.1

Sheet Dashboard
A1: AHT Productivity Dashboard
A3: Total Allocated | B3: =SUM(RawData!D:D) | D3: Overall Productivity% | E3: =IFERROR(B4/B3,0)
A4: Total Processed | B4: =SUM(RawData!E:E) | D4: Overall Avg AHT (mins) | E4: =IFERROR(AVERAGE(RawData!F:F),0)
A7: Process | B7: Allocated | C7: Processed | D7: Productivity% | E7: Average AHT
B8: =IF(A8<>"" , SUMIF(RawData!C:C, A8, RawData!D:D), "") | C8: =IF(A8<>"" , SUMIF(RawData!C:C, A8, RawData!E:E), "") | D8: =IFERROR(C8/B8, 0) | E8: =IF(A8<>"" , IFERROR(AVERAGEIF(RawData!C:C, A8, RawData!F:F), 0), "")
B9: =IF(A9<>"" , SUMIF(RawData!C:C, A9, RawData!D:D), "") | C9: =IF(A9<>"" , SUMIF(RawData!C:C, A9, RawData!E:E), "") | D9: =IFERROR(C9/B9, 0) | E9: =IF(A9<>"" , IFERROR(AVERAGEIF(RawData!C:C, A9, RawData!F:F), 0), "")
B10: =IF(A10<>"" , SUMIF(RawData!C:C, A10, RawData!D:D), "") | C10: =IF(A10<>"" , SUMIF(RawData!C:C, A10, RawData!E:E), "") | D10: =IFERROR(C10/B10, 0) | E10: =IF(A10<>"" , IFERROR(AVERAGEIF(RawData!C:C, A10, RawData!F:F), 0), "")
B11: =IF(A11<>"" , SUMIF(RawData!C:C, A11, RawData!D:D), "") | C11: =IF(A11<>"" , SUMIF(RawData!C:C, A11, RawData!E:E), "") | D11: =IFERROR(C11/B11, 0) | E11: =IF(A11<>"" , IFERROR(AVERAGEIF(RawData!C:C, A11, RawData!F:F), 0), "")
B12: =IF(A12<>"" , SUMIF(RawData!C:C, A12, RawData!D:D), "") | C12: =IF(A12<>"" , SUMIF(RawData!C:C, A12, RawData!E:E), "") | D12: =IFERROR(C12/B12, 0) | E12: =IF(A12<>"" , IFERROR(AVERAGEIF(RawData!C:C, A12, RawData!F:F), 0), "")
B13: =IF(A13<>"" , SUMIF(RawData!C:C, A13, RawData!D:D), "") | C13: =IF(A13<>"" , SUMIF(RawData!C:C, A13, RawData!E:E), "") | D13: =IFERROR(C13/B13, 0) | E13: =IF(A13<>"" , IFERROR(AVERAGEIF(RawData!C:C, A13, RawData!F:F), 0), "")
B14: =IF(A14<>"" , SUMIF(RawData!C:C, A14, RawData!D:D), "") | C14: =IF(A14<>"" , SUMIF(RawData!C:C, A14, RawData!E:E), "") | D14: =IFERROR(C14/B14, 0) | E14: =IF(A14<>"" , IFERROR(AVERAGEIF(RawData!C:C, A14, RawData!F:F), 0), "")
B15: =IF(A15<>"" , SUMIF(RawData!C:C, A15, RawData!D:D), "") | C15: =IF(A15<>"" , SUMIF(RawData!C:C, A15, RawData!E:E), "") | D15: =IFERROR(C15/B15, 0) | E15: =IF(A15<>"" , IFERROR(AVERAGEIF(RawData!C:C, A15, RawData!F:F), 0), "")
B16: =IF(A16<>"" , SUMIF(RawData!C:C, A16, RawData!D:D), "") | C16: =IF(A16<>"" , SUMIF(RawData!C:C, A16, RawData!E:E), "") | D16: =IFERROR(C16/B16, 0) | E16: =IF(A16<>"" , IFERROR(AVERAGEIF(RawData!C:C, A16, RawData!F:F), 0), "")
B17: =IF(A17<>"" , SUMIF(RawData!C:C, A17, RawData!D:D), "") | C17: =IF(A17<>"" , SUMIF(RawData!C:C, A17, RawData!E:E), "") | D17: =IFERROR(C17/B17, 0) | E17: =IF(A17<>"" , IFERROR(AVERAGEIF(RawData!C:C, A17, RawData!F:F), 0), "")
B18: =IF(A18<>"" , SUMIF(RawData!C:C, A18, RawData!D:D), "") | C18: =IF(A18<>"" , SUMIF(RawData!C:C, A18, RawData!E:E), "") | D18: =IFERROR(C18/B18, 0) | E18: =IF(A18<>"" , IFERROR(AVERAGEIF(RawData!C:C, A18, RawData!F:F), 0), "")
B19: =IF(A19<>"" , SUMIF(RawData!C:C, A19, RawData!D:D), "") | C19: =IF(A19<>"" , SUMIF(RawData!C:C, A19, RawData!E:E), "") | D19: =IFERROR(C19/B19, 0) | E19: =IF(A19<>"" , IFERROR(AVERAGEIF(RawData!C:C, A19, RawData!F:F), 0), "")
... B107: =IF(A107<>"" , SUMIF(RawData!C:C, A107, RawData!D:D), "") | C107: =IF(A107<>"" , SUMIF(RawData!C:C, A107, RawData!E:E), "") | D107: =IFERROR(C107/B107, 0) | E107: =IF(A107<>"" , IFERROR(AVERAGEIF(RawData!C:C, A107, RawData!F:F), 0), "")
